jobTitle,jobLocation,jobLink,jobDate,
Information Security Engineer I,"Remote, PA, US",https://jobs.bentley.com/job/Remote-Information-Security-Engineer-I-PA/1156395700/,15-May-24,
Escalation Manager,"Manila, PH",https://jobs.bentley.com/job/Manila-Escalation-Manager/1111586400/,15-May-24,
Senior Software Developer,"Home or Hybrid, CA",https://jobs.bentley.com/job/Home-or-Hybrid-Senior-Software-Developer-AB/1156196600/,15-May-24,
Senior Talent Acquisition Specialist,"Calgary, AB, CA",https://jobs.bentley.com/job/Calgary-Senior-Talent-Acquisition-Specialist-AB/1168079300/,15-May-24,
HR Manager,"Remote, IE",https://jobs.bentley.com/job/Remote-HR-Manager/1141620200/,14-May-24,
Account Manager  (Mining),"Perth, WA, AU",https://jobs.bentley.com/job/Perth-Account-Manager-%28Mining%29-WA/1111240200/,14-May-24,
Customer Success Manager,KZ,https://jobs.bentley.com/job/Customer-Success-Manager/1111178900/,14-May-24,
Enterprise Account Executive,"Denver, CO, US",https://jobs.bentley.com/job/Denver-Enterprise-Account-Executive-CO-80002/1155496100/,14-May-24,
Enterprise Renewal Analyst,"Dublin 2, IE",https://jobs.bentley.com/job/Dublin-2-Enterprise-Renewal-Analyst/1155617000/,14-May-24,
"Senior Solution Consultant, Tax Technology","Exton, PA, US",https://jobs.bentley.com/job/Exton-Senior-Solution-Consultant%2C-Tax-Technology-PA-19341/1110990900/,14-May-24,
"Senior Manager, UX","Home or Hybrid, CA",https://jobs.bentley.com/job/Home-or-Hybrid-Senior-Manager%2C-UX-AB/1155909300/,14-May-24,
Senior Customer Success Manager,"Perth, WA, AU",https://jobs.bentley.com/job/Perth-Senior-Customer-Success-Manager-WA/1167673300/,14-May-24,
Senior Project Manager,"Manchester, GB",https://jobs.bentley.com/job/Manchester-Senior-Project-Manager/1167784800/,14-May-24,
Principal Software Engineer,"Pune, IN",https://jobs.bentley.com/job/Pune-Principal-Software-Engineer/1120472100/,13-May-24,
"VP, Field Marketing","Dublin 2, IE",https://jobs.bentley.com/job/Dublin-2-VP%2C-Field-Marketing/1144196400/,12-May-24,
Site Reliability Engineer,LT,https://jobs.bentley.com/job/Site-Reliability-Engineer/1132494700/,12-May-24,
Subscription Renewals Representative,HK,https://jobs.bentley.com/job/Subscription-Renewals-Representative/1143970200/,12-May-24,
"Solutions Manager, Water","Lisboa, PT",https://jobs.bentley.com/job/Lisboa-Solutions-Manager%2C-Water/1144271100/,12-May-24,
Solution Architect - Water,"Delhi, IN",https://jobs.bentley.com/job/Delhi-Solution-Architect-Water/1132394100/,12-May-24,
Consultant,"Pune, IN",https://jobs.bentley.com/job/Pune-Consultant/1143998900/,12-May-24,
Software Engineer II (Automation),"Pune, IN",https://jobs.bentley.com/job/Pune-Software-Engineer-II-%28Automation%29/1109738000/,11-May-24,
"Regional Account Manager, Enterprise","Charlotte, NC, US",https://jobs.bentley.com/job/Charlotte-Regional-Account-Manager%2C-Enterprise-NC-28201/1143580700/,11-May-24,
Senior Software Engineer,"Pune, IN",https://jobs.bentley.com/job/Pune-Senior-Software-Engineer/1153830300/,11-May-24,
"Account Manager, Transportation","Remote, TX, US",https://jobs.bentley.com/job/Remote-Account-Manager%2C-Transportation-TX/1131496600/,10-May-24,
Solutions Architect - IAM,"Home or Hybrid, CA",https://jobs.bentley.com/job/Home-or-Hybrid-Solutions-Architect-IAM-AB/1153727000/,10-May-24,
Solutions Architect - IAM,"Exton, PA, US",https://jobs.bentley.com/job/Exton-Solutions-Architect-IAM-PA-19341/1153731000/,10-May-24,
Identity and Access Management Engineer,"Exton, PA, US",https://jobs.bentley.com/job/Exton-Identity-and-Access-Management-Engineer-PA-19341/1153735600/,10-May-24,
Identity and Access Management Analyst,"Home or Hybrid, CA",https://jobs.bentley.com/job/Home-or-Hybrid-Identity-and-Access-Management-Analyst-AB/1153737800/,10-May-24,
Software Quality Engineer,PL,https://jobs.bentley.com/job/Software-Quality-Engineer/1166554700/,10-May-24,
Quality Assurance Analyst,"Vilnius, LT",https://jobs.bentley.com/job/Vilnius-Quality-Assurance-Analyst/1166607300/,10-May-24,
"Account Manager, Enterprise","Remote, TX, US",https://jobs.bentley.com/job/Remote-Account-Manager%2C-Enterprise-TX/1166875300/,10-May-24,
Senior Consultant,"Remote, TX, US",https://jobs.bentley.com/job/Remote-Senior-Consultant-TX/1142807600/,9-May-24,
Software Engineer,GB,https://jobs.bentley.com/job/Software-Engineer/1024236600/,9-May-24,
Senior Software Quality Assurance Engineer,"Jakarta, Jakarta, ID",https://jobs.bentley.com/job/Jakarta-Senior-Software-Quality-Assurance-Engineer-Jaka/1131026600/,9-May-24,
Product Marketing Manager,"Dublin 2, IE",https://jobs.bentley.com/job/Dublin-2-Product-Marketing-Manager/1166081700/,9-May-24,
"Director,  HR Systems Transformation and Integration","Remote, CA",https://jobs.bentley.com/job/Remote-Director%2C-HR-Systems-Transformation-and-Integration-ON/1166322800/,9-May-24,
Technical Support Engineer,"Remote, CA, US",https://jobs.bentley.com/job/Remote-Technical-Support-Engineer-CA/1166111100/,9-May-24,
Analyst Relations Director,US,https://jobs.bentley.com/job/Analyst-Relations-Director/1166198700/,9-May-24,
Analyst Relations Director,"Dublin 2, IE",https://jobs.bentley.com/job/Dublin-2-Analyst-Relations-Director/1166201600/,9-May-24,
Technical support Engineer,"Remote, BR",https://jobs.bentley.com/job/Remote-Technical-support-Engineer/1166194200/,9-May-24,
Technical Support Engineer,"Mexico DF, MX",https://jobs.bentley.com/job/Mexico-DF-Technical-Support-Engineer/1166195100/,9-May-24,
Software Quality Analyst I,"Kolkata, IN",https://jobs.bentley.com/job/Kolkata-Software-Quality-Analyst-I/1166082700/,9-May-24,
Associate Consultant,"Remote, MO, US",https://jobs.bentley.com/job/Remote-Associate-Consultant-MO/1088376100/,8-May-24,
Business Consultant,"'s-Hertogenbosch, NL",https://jobs.bentley.com/job/&apos;s-Hertogenbosch-Business-Consultant/1152531200/,8-May-24,
Proposal Manager,"Remote, PA, US",https://jobs.bentley.com/job/Remote-Proposal-Manager-PA/1152863400/,8-May-24,
"Senior Manager, Support Services","Exton, PA, US",https://jobs.bentley.com/job/Exton-Senior-Manager%2C-Support-Services-PA-19341/1166011900/,8-May-24,
Senior Product Success Manager,"Kolkata, IN",https://jobs.bentley.com/job/Kolkata-Senior-Product-Success-Manager/1165637800/,8-May-24,
Product Marketing Manager,"Exton, PA, US",https://jobs.bentley.com/job/Exton-Product-Marketing-Manager-PA-19341/1165509800/,7-May-24,
Office Administrator,"Munich, DE",https://jobs.bentley.com/job/Munich-Office-Administrator/1165230000/,7-May-24,
Customer Support Analyst,"Mexico DF, MX",https://jobs.bentley.com/job/Mexico-DF-Customer-Support-Analyst/1165278100/,7-May-24,
Software Quality Analyst II,"Pune, IN",https://jobs.bentley.com/job/Pune-Software-Quality-Analyst-II/1165156700/,+1 more…,7-May-24
.NET Developer (Mid-level),"Vilnius, LT",https://jobs.bentley.com/job/Vilnius-_NET-Developer-%28Mid-level%29/1164716100/,,6-May-24
Associate Software Quality Analyst,"Lisboa, PT",https://jobs.bentley.com/job/Lisboa-Associate-Software-Quality-Analyst/1164689500/,+1 more…,6-May-24
License Compliance Specialist,ES,https://jobs.bentley.com/job/License-Compliance-Specialist/1164729400/,+5 more…,6-May-24
Software Engineer II,LT,https://jobs.bentley.com/job/Software-Engineer-II/1164691500/,,6-May-24
Infrastructure Support I,"Remote, BR",https://jobs.bentley.com/job/Remote-Infrastructure-Support-I/1141243400/,,4-May-24
"Manager, Solution Engineering","Mumbai, MH, IN",https://jobs.bentley.com/job/Mumbai-Manager%2C-Solution-Engineering-MH/1151443600/,,4-May-24
Senior Project Manager,"Chennai, TN, IN",https://jobs.bentley.com/job/Chennai-Senior-Project-Manager-TN/1141066600/,+4 more…,4-May-24
Senior Software Developer,"Remote, CA",https://jobs.bentley.com/job/Remote-Senior-Software-Developer-ON/1151264800/,,3-May-24
Senior Computer Vision & Machine Learning Engineer,"Salt Lake City, UT, US",https://jobs.bentley.com/job/Salt-Lake-City-Senior-Computer-Vision-&-Machine-Learning-Engineer-UT-84101/1150890200/,,3-May-24
Application Security Architect,"Remote, FR",https://jobs.bentley.com/job/Remote-Application-Security-Architect/1151097100/,+10 more…,3-May-24
Application Engineer (ProjectWise),"London, GB",https://jobs.bentley.com/job/London-Application-Engineer-%28ProjectWise%29/1164000100/,,3-May-24
Application Engineer (ProjectWise),"Remote, DE",https://jobs.bentley.com/job/Remote-Application-Engineer-%28ProjectWise%29/1163998700/,,3-May-24
"Director, Software Development","Remote, CA",https://jobs.bentley.com/job/Remote-Director%2C-Software-Development-ON/1164062000/,+1 more…,3-May-24
UI Developer,"Pune, IN",https://jobs.bentley.com/job/Pune-UI-Developer/1150500100/,,2-May-24
Commercial Engagement Representative,"Kolkata, IN",https://jobs.bentley.com/job/Kolkata-Commercial-Engagement-Representative/1150408300/,,2-May-24
Sales Development Representative - German Speaker,"Dublin 2, IE",https://jobs.bentley.com/job/Dublin-2-Sales-Development-Representative-German-Speaker/1162528700/,,2-May-24
Product Expert,"London, GB",https://jobs.bentley.com/job/London-Product-Expert/1162510000/,,2-May-24
Technical Writer II,"Pune, IN",https://jobs.bentley.com/job/Pune-Technical-Writer-II/1162531200/,,2-May-24
"Manager, Technology Partnerships - Cloud","Exton, PA, US",https://jobs.bentley.com/job/Exton-Manager%2C-Technology-Partnerships-Cloud-PA-19341/1139874800/,,1-May-24
Product Sales Representative,"Sao Paulo, São Paulo, BR",https://jobs.bentley.com/job/Sao-Paulo-Product-Sales-Representative-S%C3%A3o/1150042900/,,1-May-24
Technical Support Engineer - ProjectWise,"Mexico DF, MX",https://jobs.bentley.com/job/Mexico-DF-Technical-Support-Engineer-ProjectWise/1150219300/,,1-May-24
Geotechnical Technical Support Engineer,"Home or Hybrid, CA",https://jobs.bentley.com/job/Home-or-Hybrid-Geotechnical-Technical-Support-Engineer-AB/1162163700/,,1-May-24
Senior Help Desk Specialist,"Christchurch, NZ",https://jobs.bentley.com/job/Christchurch-Senior-Help-Desk-Specialist/1105924500/,,30-Apr-24
Civil Consultant,"Delhi, IN",https://jobs.bentley.com/job/Delhi-Civil-Consultant/1161671400/,+4 more…,30-Apr-24
Software Engineer I,"Pune, IN",https://jobs.bentley.com/job/Pune-Software-Engineer-I/1161615900/,30-Apr-24,
Solution Architect - Asset Management EMEA,"London, GB",https://jobs.bentley.com/job/London-Solution-Architect-Asset-Management-EMEA/1161168400/,29-Apr-24,
Intern - Software Development,"Iasi, RO",https://jobs.bentley.com/job/Iasi-Intern-Software-Development/1161091000/,29-Apr-24,
Director of Infrastructure Policy Advancement,"Remote, CA",https://jobs.bentley.com/job/Remote-Director-of-Infrastructure-Policy-Advancement-ON/1161201100/,29-Apr-24,
Mid Front-end Developer,LT,https://jobs.bentley.com/job/Mid-Front-end-Developer/1161142700/,29-Apr-24,
Software Asset Management Analyst,"Exton, PA, US",https://jobs.bentley.com/job/Exton-Software-Asset-Management-Analyst-PA-19341/1161535700/,29-Apr-24,
IT Help Desk Specialist II,"Exton, PA, US",https://jobs.bentley.com/job/Exton-IT-Help-Desk-Specialist-II-PA-19341/1161284300/,29-Apr-24,
Senior Product Manager,"Remote, CA",https://jobs.bentley.com/job/Remote-Senior-Product-Manager-ON/1127640900/,28-Apr-24,
"Intern, Software Engineering","Vilnius, LT",https://jobs.bentley.com/job/Vilnius-Intern%2C-Software-Engineering/1126923100/,27-Apr-24,
Software Engineer (mid),"Vilnius, LT",https://jobs.bentley.com/job/Vilnius-Software-Engineer-%28mid%29/1126934700/,27-Apr-24,
Business Development Executive,"Delhi, IN",https://jobs.bentley.com/job/Delhi-Business-Development-Executive/1092048600/,27-Apr-24,
IT Software Asset Management Analyst,"Home or Hybrid, CA",https://jobs.bentley.com/job/Home-or-Hybrid-IT-Software-Asset-Management-Analyst-AB/1149098600/,27-Apr-24,
UX Designer I,"Dublin 2, IE",https://jobs.bentley.com/job/Dublin-2-UX-Designer-I/1149188500/,27-Apr-24,
Sr Solution Consultant: Workday HCM,"Exton, PA, US",https://jobs.bentley.com/job/Exton-Sr-Solution-Consultant-Workday-HCM-PA-19341/1127028900/,27-Apr-24,
"Manager, Data Analytics and Reporting","Dublin 2, IE",https://jobs.bentley.com/job/Dublin-2-Manager%2C-Data-Analytics-and-Reporting/1149184200/,27-Apr-24,
IT Asset Manager Leader,"Exton, PA, US",https://jobs.bentley.com/job/Exton-IT-Asset-Manager-Leader-PA-19341/1149022600/,27-Apr-24,
"Manager, Technology Partnerships - 3D Visualization","Exton, PA, US",https://jobs.bentley.com/job/Exton-Manager%2C-Technology-Partnerships-3D-Visualization-PA-19341/1137436200/,26-Apr-24,
"Manager, Marketplace Development","Pune, IN",https://jobs.bentley.com/job/Pune-Manager%2C-Marketplace-Development/1135016600/,26-Apr-24,
Commercial Engagement Representative,"Remote, IE",https://jobs.bentley.com/job/Remote-Commercial-Engagement-Representative/1148617900/,26-Apr-24,
Partner Enablement Manager,"Mexico DF, MX",https://jobs.bentley.com/job/Mexico-DF-Partner-Enablement-Manager/1137036300/,26-Apr-24,
Technology Procurement Analyst,"Home or Hybrid, CA",https://jobs.bentley.com/job/Home-or-Hybrid-Technology-Procurement-Analyst-AB/1148789800/,26-Apr-24,
"Director, Software Development","London, GB",https://jobs.bentley.com/job/London-Director%2C-Software-Development/1160529000/,26-Apr-24,
Incident Responder Intern,"Remote, PA, US",https://jobs.bentley.com/job/Remote-Incident-Responder-Intern-PA/1160775600/,26-Apr-24,
Technical Support Engineer,LT,https://jobs.bentley.com/job/Technical-Support-Engineer/1160484000/,26-Apr-24,
Senior NOC Engineer,"Manila, PH",https://jobs.bentley.com/job/Manila-Senior-NOC-Engineer/1160479600/,26-Apr-24,
Application Support Engineer,PL,https://jobs.bentley.com/job/Application-Support-Engineer/1126012000/,25-Apr-24,
License Compliance Data Analyst,"Taipei, TW",https://jobs.bentley.com/job/Taipei-License-Compliance-Data-Analyst/1148140200/,25-Apr-24,
Desktop Support Engineer,"Vilnius, LT",https://jobs.bentley.com/job/Vilnius-Desktop-Support-Engineer/1136633800/,25-Apr-24,
Senior Software Developer,"Vilnius, LT",https://jobs.bentley.com/job/Vilnius-Senior-Software-Developer/1159974100/,25-Apr-24,
Credit & Collections Portfolio Analyst,"Philadelphia, PA, US",https://jobs.bentley.com/job/Philadelphia-Credit-&-Collections-Portfolio-Analyst-PA-19019/1160046500/,25-Apr-24,
Senior Software Developer,"Vilnius, LT",https://jobs.bentley.com/job/Vilnius-Senior-Software-Developer/1159971400/,25-Apr-24,
Software Development Engineer,"Vilnius, LT",https://jobs.bentley.com/job/Vilnius-Software-Development-Engineer/1159975100/,25-Apr-24,
"Solutions Manager, Water",US,https://jobs.bentley.com/job/Solutions-Manager%2C-Water/1160147900/,25-Apr-24,
UX Designer II,"Pune, IN",https://jobs.bentley.com/job/Pune-UX-Designer-II/1160004100/,25-Apr-24,
Software Engineer II,"Pune, IN",https://jobs.bentley.com/job/Pune-Software-Engineer-II/1160029500/,25-Apr-24,
Integration Engineer II,"Pune, IN",https://jobs.bentley.com/job/Pune-Integration-Engineer-II/1160143200/,25-Apr-24,
Solution Consultant: Workday HCM,"Pune, IN",https://jobs.bentley.com/job/Pune-Solution-Consultant-Workday-HCM/1159965900/,25-Apr-24,
"Engineering Manager, Computer Vision/Machine Learning","Salt Lake City, UT, US",https://jobs.bentley.com/job/Salt-Lake-City-Engineering-Manager%2C-Computer-VisionMachine-Learning-UT-84101/1083151100/,24-Apr-24,
"Senior Manager, Product Management, MicroStation","London, GB",https://jobs.bentley.com/job/London-Senior-Manager%2C-Product-Management%2C-MicroStation/1147698800/,24-Apr-24,
"Senior Manager, Product Management, MicroStation","Philadelphia, PA, US",https://jobs.bentley.com/job/Philadelphia-Senior-Manager%2C-Product-Management%2C-MicroStation-PA-19019/1147698500/,24-Apr-24,
Senior Incident Responder,"Pune, IN",https://jobs.bentley.com/job/Pune-Senior-Incident-Responder/1159361100/,24-Apr-24,
UX Designer,"Lisboa, PT",https://jobs.bentley.com/job/Lisboa-UX-Designer/1147231800/,23-Apr-24,
UX Designer,"Dublin 2, IE",https://jobs.bentley.com/job/Dublin-2-UX-Designer/1147228600/,23-Apr-24,
Associate Credit & Collections Portfolio Analyst,"Exton, PA, US",https://jobs.bentley.com/job/Exton-Associate-Credit-&-Collections-Portfolio-Analyst-PA-19341/1159123600/,23-Apr-24,
"Product Sales Engineer, Bridge Design","Remote, FL, US",https://jobs.bentley.com/job/Remote-Product-Sales-Engineer%2C-Bridge-Design-FL/1158954600/,23-Apr-24,
Software Engineer II (C#.Net),"Remote, PA, US",https://jobs.bentley.com/job/Remote-Software-Engineer-II-%28C_Net%29-PA/1158874000/,23-Apr-24,
"Project Manager, DX Design","Home or Hybrid, CA",https://jobs.bentley.com/job/Home-or-Hybrid-Project-Manager%2C-DX-Design-AB/1158713000/,23-Apr-24,
Software Developer II (C#.Net Developer) - CA,"Remote, CA",https://jobs.bentley.com/job/Remote-Software-Developer-II-%28C_Net-Developer%29-CA-ON/1158876900/,23-Apr-24,
Senior Visual Designer,"Home or Hybrid, CA",https://jobs.bentley.com/job/Home-or-Hybrid-Senior-Visual-Designer-AB/1158999100/,23-Apr-24,
Senior Product Success Manager,"Kolkata, IN",https://jobs.bentley.com/job/Kolkata-Senior-Product-Success-Manager/1158748600/,23-Apr-24,
Contracts Negotiator,"Delhi, IN",https://jobs.bentley.com/job/Delhi-Contracts-Negotiator/1158694400/,23-Apr-24,
Escalation Manager,"Mexico DF, MX",https://jobs.bentley.com/job/Mexico-DF-Escalation-Manager/1112654600/,22-Apr-24,
Application Engineer,"Remote, PA, US",https://jobs.bentley.com/job/Remote-Application-Engineer-PA/1158314500/,22-Apr-24,
DevOps Engineer,"Brisbane, QLD, AU",https://jobs.bentley.com/job/Brisbane-DevOps-Engineer-QLD/1135538200/,21-Apr-24,
Consultant,"Exton, PA, US",https://jobs.bentley.com/job/Exton-Consultant-PA-19341/1135637400/,21-Apr-24,
"Director, HR Systems Transformation & Integration","Remote, PA, US",https://jobs.bentley.com/job/Remote-Director%2C-HR-Systems-Transformation-&-Integration-PA/1123620900/,20-Apr-24,
Senior Software Engineer,"Remote, PA, US",https://jobs.bentley.com/job/Remote-Senior-Software-Engineer-PA/1146877600/,20-Apr-24,
Operations Manager,"Mexico DF, MX",https://jobs.bentley.com/job/Mexico-DF-Operations-Manager/1135015500/,20-Apr-24,
Technical Account Manager,"North Sydney, NSW, AU",https://jobs.bentley.com/job/North-Sydney-Technical-Account-Manager-NSW/1135031600/,20-Apr-24,
"Application Engineer, Energy Utilities","North Sydney, NSW, AU",https://jobs.bentley.com/job/North-Sydney-Application-Engineer%2C-Energy-Utilities-NSW/1135031000/,20-Apr-24,
Resident Consultant Engineer,"Remote, NJ, US",https://jobs.bentley.com/job/Remote-Resident-Consultant-Engineer-NJ-07830/1146375900/,19-Apr-24,
"Director, Public Relations",US,https://jobs.bentley.com/job/Director%2C-Public-Relations/1122856500/,19-Apr-24,
"Director, Internal Communications",US,https://jobs.bentley.com/job/Director%2C-Internal-Communications/1122836600/,19-Apr-24,
Technology Procurement Analyst,"Remote, PA, US",https://jobs.bentley.com/job/Remote-Technology-Procurement-Analyst-PA/1134499300/,19-Apr-24,
Resident Consultant Engineer,"Exton, PA, US",https://jobs.bentley.com/job/Exton-Resident-Consultant-Engineer-PA-19341/1146360200/,19-Apr-24,
"Field Marketing Manager, North America","Exton, PA, US",https://jobs.bentley.com/job/Exton-Field-Marketing-Manager%2C-North-America-PA-19341/1157581700/,19-Apr-24,
Commercial Engagement Representative,"Exton, PA, US",https://jobs.bentley.com/job/Exton-Commercial-Engagement-Representative-PA-19341/1157685800/,19-Apr-24,
Microsoft 365 Administrator,"Home or Hybrid, CA",https://jobs.bentley.com/job/Home-or-Hybrid-Microsoft-365-Administrator-AB/1157674900/,19-Apr-24,
Product Sales Engineer (Geotechnical),"Delhi, IN",https://jobs.bentley.com/job/Delhi-Product-Sales-Engineer-%28Geotechnical%29/1157482700/,19-Apr-24,
Associate Consultant,"Pune, IN",https://jobs.bentley.com/job/Pune-Associate-Consultant/1157489400/,19-Apr-24,
Sales Development Representative,"Kolkata, IN",https://jobs.bentley.com/job/Kolkata-Sales-Development-Representative/1157482500/,19-Apr-24,
Senior UX Designer,"London, GB",https://jobs.bentley.com/job/London-Senior-UX-Designer/1134058600/,18-Apr-24,
Cloud Engineer I,"Jakarta, Jakarta, ID",https://jobs.bentley.com/job/Jakarta-Cloud-Engineer-I-Jaka/1133611000/,18-Apr-24,
Senior Cloud Engineer,"Jakarta, Jakarta, ID",https://jobs.bentley.com/job/Jakarta-Senior-Cloud-Engineer-Jaka/1133611400/,18-Apr-24,
"Application Engineer, Transportation","Seoul, KR",https://jobs.bentley.com/job/Seoul-Application-Engineer%2C-Transportation/1133988600/,18-Apr-24,
Senior UX Researcher,"Dublin 2, IE",https://jobs.bentley.com/job/Dublin-2-Senior-UX-Researcher/1157264500/,18-Apr-24,
AI Engineer,"Paris, FR",https://jobs.bentley.com/job/Paris-AI-Engineer/1156976200/,18-Apr-24,
Incident Responder I,"Remote, PA, US",https://jobs.bentley.com/job/Remote-Incident-Responder-I-PA/1157345900/,18-Apr-24,
GIS - Software Quality Analysts,"Paris, FR",https://jobs.bentley.com/job/Paris-GIS-Software-Quality-Analysts/1156982100/,18-Apr-24,
AI Engineer,"Paris, FR",https://jobs.bentley.com/job/Paris-AI-Engineer/1156976600/,18-Apr-24,
Product Sales Engineer (Geotechnical),"Dublin 2, IE",https://jobs.bentley.com/job/Dublin-2-Product-Sales-Engineer-%28Geotechnical%29/1156994600/,18-Apr-24,
Project Control Analyst,"Dublin 2, IE",https://jobs.bentley.com/job/Dublin-2-Project-Control-Analyst/1157114100/,18-Apr-24,
Software Engineer II,"Pune, IN",https://jobs.bentley.com/job/Pune-Software-Engineer-II/1144005500/,13-Apr-24,
Senior Software Developer,"Quebec, Quebec, CA",https://jobs.bentley.com/job/Quebec-Senior-Software-Developer-Queb/1129885500/,6-Apr-24,
Senior Software Developer,US,https://jobs.bentley.com/job/Senior-Software-Developer/1129886400/,6-Apr-24,
Senior Product Manager,"Remote, IE",https://jobs.bentley.com/job/Remote-Senior-Product-Manager/1129905500/,6-Apr-24,
Senior Software Developer,"Horsham, GB",https://jobs.bentley.com/job/Horsham-Senior-Software-Developer/1129886100/,6-Apr-24,
Senior Software Developer,"Quebec, Quebec, CA",https://jobs.bentley.com/job/Quebec-Senior-Software-Developer-Queb/1129441200/,5-Apr-24,
Senior Financial Analyst,US,https://jobs.bentley.com/job/Senior-Financial-Analyst/1129452700/,5-Apr-24,
